1,Christian Bale
2,Heath Ledger
3,Aaron Eckhart
4,Michael Caine
5,Gary Oldman
6,Leonardo DiCaprio
7,Joseph Gordon-Levitt
8,Ellen Page
9,Tom Hardy
10,Cillian Murphy
11,Tim Robbins
12,Morgan Freeman
13,Bob Gunton
14,William Sadler
15,Clancy Brown
16,Al Pacino
17,Marlon Brando
18,James Caan
19,Robert Duvall
20,Diane Keaton
21,Robert De Niro
22,John Cazale
23,Talia Shire
24,John Travolta
25,Uma Thurman
26,Samuel L. Jackson
27,Bruce Willis
28,Ving Rhames
29,Elijah Wood
30,Ian McKellen
31,Viggo Mortensen
32,Sean Astin
33,Andy Serkis
34,Ray Liotta
35,Joe Pesci
36,Lorraine Bracco
37,Paul Sorvino
38,Sean Bean
39,Orlando Bloom
40,Edward Norton
41,Brad Pitt
42,Helena Bonham Carter
43,Meat Loaf
44,Jared Leto
45,Keanu Reeves
46,Laurence Fishburne
47,Carrie-Anne Moss
48,Hugo Weaving
49,Joe Pantoliano
50,Tom Hanks
51,Robin Wright
52,Gary Sinise
53,Mykelti Williamson
54,Sally Field
55,Mark Hamill
56,Harrison Ford
57,Carrie Fisher
58,Billy Dee Williams
59,Anthony Daniels
60,Kevin Spacey
61,Gwyneth Paltrow
62,R. Lee Ermey
63,Anthony Hopkins
64,Jodie Foster
65,Scott Glenn
66,Ted Levine
67,Anthony Heald
68,Anne Hathaway
69,Edward Burns
70,Tom Sizemore
71,Barry Pepper
72,Adam Goldberg
73,Peter O'Toole
74,Alec Guinness
75,Anthony Quinn
76,Jack Hawkins
77,Jose Ferrer
78,Peter Cushing
